{"metadata": {"eegDataPath": "s01_trial01", "cvDataPath": "s01_trial01", "eegLabelFrequency": "1", "eegModelName": "defaulteeg", "cvLabelFrequency": 1, "cvModelName": "defaultcv", "bsScore": 0.8360655737704918}, "data": {"0.0": [0.0157, -0.0597, 3, false], "1.0": [0.012899999999999998, -0.1084, 3, false], "2.0": [0.001799999999999996, -0.1996, 3, false], "3.0": [-0.008100000000000003, -0.1448, 3, false], "4.0": [0.011199999999999998, -0.1159, 3, false], "5.0": [0.007300000000000001, -0.0698, 3, false], "6.0": [-0.0074, -0.17220000000000002, 0, true], "7.0": [0.0175, -0.12209999999999999, 0, false], "8.0": [0.0349, -0.00839999999999999, 1, true], "9.0": [0.008599999999999997, -0.1608, 1, true], "10.0": [0.023899999999999998, -0.122, 1, true], "11.0": [-0.010800000000000011, -0.196, 1, false], "12.0": [0.014299999999999993, -0.1333, 3, false], "13.0": [0.02939999999999999, -0.1669, 3, false], "14.0": [-0.0034000000000000002, -0.12229999999999999, 1, false], "15.0": [9.999999999999593e-05, -0.13849999999999998, 1, true], "16.0": [-0.014500000000000006, -0.2135, 3, false], "17.0": [0.004199999999999995, -0.1509, 3, false], "18.0": [0.0338, -0.1082, 0, false], "19.0": [0.008100000000000003, -0.1671, 2, false], "20.0": [0.018999999999999996, -0.0809, 3, false], "21.0": [0.0001999999999999988, -0.1709, 3, false], "22.0": [-0.002799999999999997, -0.18589999999999998, 3, false], "23.0": [0.0022000000000000006, -0.0923, 3, false], "24.0": [0.011799999999999995, -0.081, 1, true], "25.0": [0.027999999999999997, -0.1033, 0, false], "26.0": [0.040100000000000004, -0.047, 0, false], "27.0": [0.013999999999999999, -0.06720000000000001, 0, false], "28.0": [0.008300000000000002, -0.0947, 3, false], "29.0": [0.0012999999999999956, -0.1385, 3, false], "30.0": [0.0381, -0.0869, 3, false], "31.0": [0.0021999999999999936, -0.131, 3, false], "32.0": [0.0104, -0.15460000000000002, 3, false], "33.0": [0.0235, -0.19820000000000002, 3, false], "34.0": [0.0032000000000000015, -0.15589999999999998, 3, false], "35.0": [0.0311, -0.09079999999999999, 0, false], "36.0": [0.005599999999999997, -0.1072, 3, false], "37.0": [0.005000000000000001, -0.0436, 0, false], "38.0": [0.004799999999999995, -0.11599999999999999, 3, false], "39.0": [-0.005999999999999998, -0.13729999999999998, 0, true], "40.0": [0.021199999999999997, -0.09580000000000001, 3, false], "41.0": [0.005299999999999999, -0.10969999999999999, 3, false], "42.0": [0.023199999999999995, -0.08579999999999999, 3, false], "43.0": [0.0133, -0.06970000000000001, 3, false], "44.0": [0.0125, -0.1084, 3, false], "45.0": [0.0103, -0.0847, 3, false], "46.0": [0.030499999999999996, -0.11690000000000002, 1, true], "47.0": [0.025899999999999992, -0.1032, 1, true], "48.0": [0.005199999999999996, -0.11599999999999999, 3, false], "49.0": [0.0169, -0.0884, 3, false], "50.0": [0.034499999999999996, -0.0969, 3, false], "51.0": [0.017699999999999997, -0.0884, 3, false], "52.0": [0.030300000000000004, -0.06209999999999999, 3, false], "53.0": [0.0226, -0.0908, 3, false], "54.0": [0.015599999999999996, -0.1258, 3, false], "55.0": [0.014599999999999995, -0.10089999999999999, 3, false], "56.0": [0.020999999999999998, -0.1008, 3, false], "57.0": [0.019599999999999992, -0.1058, 3, false], "58.0": [0.0211, -0.034699999999999995, 3, false], "59.0": [0.0187, -0.0447, 3, false]}}