{"metadata": {"eegDataPath": "s01_trial01", "cvDataPath": "s01_trial01", "eegLabelFrequency": "1", "eegModelName": "default-eeg", "cvLabelFrequency": 2, "cvModelName": "default-mtcnn", "bsScore": 0.6666666666666666}, "data": {"0.0": [-0.0023999999999999994, -0.11729999999999999, 0, true], "1.0": [0.042100000000000005, -0.21049999999999996, 3, false], "2.0": [0.004499999999999997, -0.1572, 0, false], "3.0": [0.008199999999999999, -0.1309, 3, false], "4.0": [0.003499999999999996, -0.1534, 3, false], "5.0": [0.0323, -0.082, 1, true], "6.0": [0.010599999999999998, -0.1807, 2, false], "7.0": [0.03329999999999999, -0.1444, 3, false], "8.0": [0.021299999999999993, -0.0983, 3, false], "9.0": [0.004, -0.1172, 3, false], "10.0": [0.005500000000000005, -0.18209999999999998, 1, true], "11.0": [-0.006800000000000007, -0.2059, 3, false], "12.0": [-0.002600000000000005, -0.21960000000000002, 2, false], "13.0": [0.016399999999999998, -0.0959, 1, true], "14.0": [0.0188, -0.1146, 2, false], "15.0": [-0.0119, -0.19849999999999998, 1, false], "16.0": [0.047099999999999996, -0.07940000000000001, 2, false], "17.0": [0.012899999999999998, -0.1084, 0, false], "18.0": [0.0248, -0.09340000000000001, 3, false], "19.0": [0.021699999999999994, -0.0983, 2, false], "20.0": [0.020999999999999994, -0.13069999999999998, 3, false], "21.0": [0.0169, -0.1271, 1, true], "22.0": [0.008300000000000002, -0.1334, 0, false], "23.0": [0.010099999999999994, -0.08850000000000001, 3, false], "24.0": [-0.007800000000000001, -0.1423, 0, true], "25.0": [0.017599999999999994, -0.11579999999999999, 2, false], "26.0": [-0.0010999999999999968, -0.1784, 0, true], "27.0": [0.0086, -0.0623, 0, false], "28.0": [0.010999999999999996, -0.18830000000000002, 2, false], "29.0": [0.0127, -0.14329999999999998, 0, false], "30.0": [0.014900000000000004, -0.1371, 0, false], "31.0": [0.014299999999999997, -0.1034, 3, false], "32.0": [0.02969999999999999, -0.1345, 1, true], "33.0": [-0.0087, -0.1498, 2, false], "34.0": [0.0002999999999999982, -0.13470000000000001, 2, false], "35.0": [0.0039000000000000007, -0.0848, 1, true], "36.0": [0.010599999999999998, -0.08220000000000001, 0, false], "37.0": [0.0226, -0.0908, 1, true], "38.0": [-0.005299999999999996, -0.16469999999999999, 3, false], "39.0": [0.004499999999999994, -0.11850000000000001, 1, true], "40.0": [0.0116, -0.0772, 3, false], "41.0": [0.0049999999999999975, -0.11220000000000001, 0, false], "42.0": [0.021899999999999996, -0.0933, 0, false], "43.0": [0.0162, -0.09090000000000001, 3, false], "44.0": [0.0194, -0.0721, 0, false], "45.0": [0.0086, -0.0922, 0, false], "46.0": [0.010599999999999998, -0.08220000000000001, 1, true], "47.0": [0.020499999999999997, -0.0684, 1, true], "48.0": [0.005999999999999998, -0.1072, 1, true], "49.0": [0.020100000000000003, -0.1071, 0, false], "50.0": [0.011199999999999998, -0.1159, 3, false], "51.0": [0.0137, -0.0697, 1, true], "52.0": [0.007399999999999997, -0.1022, 1, true], "53.0": [0.025599999999999998, -0.0758, 0, false], "54.0": [0.00449999999999999, -0.21700000000000003, 0, false], "55.0": [0.020799999999999996, -0.046, 3, false], "56.0": [0.0172, -0.0859, 0, false], "57.0": [0.030499999999999996, -0.11690000000000002, 0, false], "58.0": [0.025699999999999997, -0.01849999999999999, 0, false], "59.0": [0.0133, -0.0398, 3, false]}}